{"cameraMode":{"drawMode":0,"name":"Shaded","section":"Shading Mode"},"sceneLighting":false,"audioPlay":false,"sceneViewState":{"showFog":true,"showMaterialUpdate":false,"showSkybox":true,"showFlares":true,"showImageEffects":true,"showParticleSystems":true},"in2DMode":false,"pivot":{"x":2.4165029525756838,"y":-0.6631858348846436,"z":-0.6546519994735718},"rotation":{"x":0.29717397689819338,"y":0.021477041766047479,"z":-0.006686211097985506,"w":0.9545584321022034},"size":1.1463427543640137,"orthographic":false}