{"cameraMode":{"drawMode":0,"name":"Shaded","section":"Shading Mode"},"sceneLighting":false,"audioPlay":false,"sceneViewState":{"showFog":true,"showMaterialUpdate":false,"showSkybox":true,"showFlares":true,"showImageEffects":true,"showParticleSystems":true},"in2DMode":false,"pivot":{"x":423.52166748046877,"y":151.04779052734376,"z":-11.269370079040528},"rotation":{"x":-0.08519171178340912,"y":-0.10887453705072403,"z":0.009365624748170376,"w":-0.9903540015220642},"size":0.39173346757888796,"orthographic":false}