{"cameraMode":{"drawMode":0,"name":"Shaded","section":"Shading Mode"},"sceneLighting":false,"audioPlay":false,"sceneViewState":{"showFog":true,"showMaterialUpdate":false,"showSkybox":true,"showFlares":true,"showImageEffects":true,"showParticleSystems":true},"in2DMode":false,"pivot":{"x":2.549999952316284,"y":-0.7160000205039978,"z":-0.2949361503124237},"rotation":{"x":-0.08519171178340912,"y":-0.10887453705072403,"z":0.009365624748170376,"w":-0.9903540015220642},"size":1.5947818756103516,"orthographic":false}