{"cameraMode":{"drawMode":0,"name":"Shaded","section":"Shading Mode"},"sceneLighting":false,"audioPlay":false,"sceneViewState":{"showFog":true,"showMaterialUpdate":false,"showSkybox":true,"showFlares":true,"showImageEffects":true,"showParticleSystems":true},"in2DMode":false,"pivot":{"x":2.549999952316284,"y":-0.7160000205039978,"z":-0.2949361503124237},"rotation":{"x":0.29717397689819338,"y":0.021477041766047479,"z":-0.006686211097985506,"w":0.9545584321022034},"size":1.5947818756103516,"orthographic":false}